-- MBTI 种子数据
-- 使用 INSERT IGNORE 确保幂等性

-- ============================================
-- 考核类型
-- ============================================
INSERT IGNORE INTO exam_type (id, name, description, is_active, created_at) VALUES
('default', '默认题库', '标准 MBTI 性格测试题库', true, NOW()),
('workplace', '职场版MBTI', '针对职场场景设计的 MBTI 性格测试，帮助了解工作中的性格偏好与行为模式', true, NOW());

-- ============================================
-- 默认题库维度描述
-- ============================================
INSERT IGNORE INTO dimension_description (id, code, name, description, exam_type_id, updated_at) VALUES
('dd-e', 'E', '外向', '外向型人格倾向于从外部世界和社交互动中获取能量。他们喜欢与人交流，善于表达自己的想法，在群体活动中感到精力充沛。', 'default', NOW()),
('dd-i', 'I', '内向', '内向型人格倾向于从独处和内心世界中获取能量。他们喜欢深入思考，善于倾听，在安静的环境中更能集中注意力和恢复精力。', 'default', NOW()),
('dd-s', 'S', '感觉', '感觉型人格注重具体、实际的信息，倾向于通过五官感受来认识世界。他们关注细节，喜欢处理眼前的事实和数据。', 'default', NOW()),
('dd-n', 'N', '直觉', '直觉型人格注重抽象、整体的信息，倾向于通过第六感来认识世界。他们关注可能性和未来趋势，喜欢探索新的想法和概念。', 'default', NOW()),
('dd-t', 'T', '思考', '思考型人格在做决定时倾向于运用逻辑和客观分析。他们重视公平和一致性，喜欢通过理性推理来解决问题。', 'default', NOW()),
('dd-f', 'F', '情感', '情感型人格在做决定时倾向于考虑他人的感受和价值观。他们重视和谐与同理心，善于理解和支持他人。', 'default', NOW()),
('dd-j', 'J', '判断', '判断型人格喜欢有计划、有条理的生活方式。他们倾向于提前做决定，追求秩序和掌控感，喜欢把事情安排妥当。', 'default', NOW()),
('dd-p', 'P', '知觉', '知觉型人格喜欢灵活、开放的生活方式。他们倾向于保持选择的余地，适应变化，享受探索过程中的各种可能性。', 'default', NOW());

-- ============================================
-- 职场版维度描述
-- ============================================
INSERT IGNORE INTO dimension_description (id, code, name, description, exam_type_id, updated_at) VALUES
('wd-e', 'E', '外向', '外向型人格倾向于从外部世界和社交互动中获取能量。他们喜欢与人交流，善于表达自己的想法，在群体活动中感到精力充沛。', 'workplace', NOW()),
('wd-i', 'I', '内向', '内向型人格倾向于从独处和内心世界中获取能量。他们喜欢深入思考，善于倾听，在安静的环境中更能集中注意力和恢复精力。', 'workplace', NOW()),
('wd-s', 'S', '感觉', '感觉型人格注重具体、实际的信息，倾向于通过五官感受来认识世界。他们关注细节，喜欢处理眼前的事实和数据。', 'workplace', NOW()),
('wd-n', 'N', '直觉', '直觉型人格注重抽象、整体的信息，倾向于通过第六感来认识世界。他们关注可能性和未来趋势，喜欢探索新的想法和概念。', 'workplace', NOW()),
('wd-t', 'T', '思考', '思考型人格在做决定时倾向于运用逻辑和客观分析。他们重视公平和一致性，喜欢通过理性推理来解决问题。', 'workplace', NOW()),
('wd-f', 'F', '情感', '情感型人格在做决定时倾向于考虑他人的感受和价值观。他们重视和谐与同理心，善于理解和支持他人。', 'workplace', NOW()),
('wd-j', 'J', '判断', '判断型人格喜欢有计划、有条理的生活方式。他们倾向于提前做决定，追求秩序和掌控感，喜欢把事情安排妥当。', 'workplace', NOW()),
('wd-p', 'P', '知觉', '知觉型人格喜欢灵活、开放的生活方式。他们倾向于保持选择的余地，适应变化，享受探索过程中的各种可能性。', 'workplace', NOW());

-- ============================================
-- 默认题库 - 121 道题目
-- ============================================

-- EI 题目 (1-23, 94-100)
INSERT IGNORE INTO question (id, title, sort_order, is_active, exam_type_id, created_at, updated_at) VALUES
('dq1', '在聚会中，你通常会：', 1, true, 'default', NOW(), NOW()),
('dq2', '你更喜欢：', 2, true, 'default', NOW(), NOW()),
('dq3', '你获得能量的方式：', 3, true, 'default', NOW(), NOW()),
('dq4', '在社交场合，你通常：', 4, true, 'default', NOW(), NOW()),
('dq5', '你更倾向于：', 5, true, 'default', NOW(), NOW()),
('dq6', '当你独处时，你通常会：', 6, true, 'default', NOW(), NOW()),
('dq7', '你更喜欢工作环境：', 7, true, 'default', NOW(), NOW()),
('dq8', '与陌生人交谈时，你：', 8, true, 'default', NOW(), NOW()),
('dq9', '你更关注：', 9, true, 'default', NOW(), NOW()),
('dq10', '在空闲时间，你更可能：', 10, true, 'default', NOW(), NOW()),
('dq11', '你被描述为：', 11, true, 'default', NOW(), NOW()),
('dq12', '面对问题时，你倾向于：', 12, true, 'default', NOW(), NOW()),
('dq13', '你更喜欢：', 13, true, 'default', NOW(), NOW()),
('dq14', '在团队项目中，你更喜欢：', 14, true, 'default', NOW(), NOW()),
('dq15', '你觉得自己是：', 15, true, 'default', NOW(), NOW()),
('dq16', '当你要做决定时：', 16, true, 'default', NOW(), NOW()),
('dq17', '你更喜欢的生活方式：', 17, true, 'default', NOW(), NOW()),
('dq18', '在人群中，你通常：', 18, true, 'default', NOW(), NOW()),
('dq19', '你的沟通风格：', 19, true, 'default', NOW(), NOW()),
('dq20', '你更容易感到：', 20, true, 'default', NOW(), NOW()),
('dq21', '你更喜欢：', 21, true, 'default', NOW(), NOW()),
('dq22', '当你兴奋时，你倾向于：', 22, true, 'default', NOW(), NOW()),
('dq23', '在陌生人面前，你：', 23, true, 'default', NOW(), NOW());

INSERT IGNORE INTO question_option (id, label, dimension, weight, question_id) VALUES
('do1a', '主动和陌生人交谈，享受热闹氛围', 'E', 2, 'dq1'),
('do1b', '和熟悉的朋友聊天，或独自观察', 'I', 2, 'dq1'),
('do2a', '和许多人在一起，经常社交', 'E', 1, 'dq2'),
('do2b', '和少数亲密朋友单独相处', 'I', 1, 'dq2'),
('do3a', '和他人在一起，外向活动', 'E', 2, 'dq3'),
('do3b', '独处，内向思考', 'I', 2, 'dq3'),
('do4a', '成为焦点，主动发言', 'E', 1, 'dq4'),
('do4b', '保持低调，倾听他人', 'I', 1, 'dq4'),
('do5a', '先行动，后思考', 'E', 2, 'dq5'),
('do5b', '先思考，后行动', 'I', 2, 'dq5'),
('do6a', '感到无聊，渴望社交', 'E', 1, 'dq6'),
('do6b', '享受安静，做自己喜欢的事', 'I', 1, 'dq6'),
('do7a', '开放、活跃的团队氛围', 'E', 1, 'dq7'),
('do7b', '安静、独立的个人空间', 'I', 1, 'dq7'),
('do8a', '很快就能熟络起来', 'E', 1, 'dq8'),
('do8b', '需要一段时间才能打开话匣子', 'I', 1, 'dq8'),
('do9a', '外部世界和周围的人', 'E', 1, 'dq9'),
('do9b', '自己的内心世界和想法', 'I', 1, 'dq9'),
('do10a', '出去和朋友一起玩', 'E', 2, 'dq10'),
('do10b', '在家看书或思考', 'I', 2, 'dq10'),
('do11a', '外向、开朗', 'E', 1, 'dq11'),
('do11b', '内向、沉稳', 'I', 1, 'dq11'),
('do12a', '和别人讨论解决方案', 'E', 1, 'dq12'),
('do12b', '自己想清楚再行动', 'I', 1, 'dq12'),
('do13a', '有变化和新鲜感的工作', 'E', 1, 'dq13'),
('do13b', '稳定和可预见性的工作', 'I', 1, 'dq13'),
('do14a', '和大家头脑风暴', 'E', 1, 'dq14'),
('do14b', '独自完成分配的任务', 'I', 1, 'dq14'),
('do15a', '社交达人', 'E', 2, 'dq15'),
('do15b', '私密性强的人', 'I', 2, 'dq15'),
('do16a', '会听取多方面的意见', 'E', 1, 'dq16'),
('do16b', '主要依靠自己的判断', 'I', 1, 'dq16'),
('do17a', '充满冒险和刺激', 'E', 1, 'dq17'),
('do17b', '平静和可预测', 'I', 1, 'dq17'),
('do18a', '很快就认识所有人', 'E', 1, 'dq18'),
('do18b', '只和认识的人交流', 'I', 1, 'dq18'),
('do19a', '直接、坦率', 'E', 1, 'dq19'),
('do19b', '含蓄、委婉', 'I', 1, 'dq19'),
('do20a', '无聊如果没事可做', 'E', 1, 'dq20'),
('do20b', '烦躁如果被打扰太多', 'I', 1, 'dq20'),
('do21a', '多采多姿的社交生活', 'E', 1, 'dq21'),
('do21b', '安静祥和的个人时间', 'I', 1, 'dq21'),
('do22a', '大声表达喜悦', 'E', 1, 'dq22'),
('do22b', '内心默默高兴', 'I', 1, 'dq22'),
('do23a', '轻松自在', 'E', 1, 'dq23'),
('do23b', '有些紧张不安', 'I', 1, 'dq23');

-- SN 题目 (24-46, 101-107)
INSERT IGNORE INTO question (id, title, sort_order, is_active, exam_type_id, created_at, updated_at) VALUES
('dq24', '你更注重：', 24, true, 'default', NOW(), NOW()),
('dq25', '你更容易被：', 25, true, 'default', NOW(), NOW()),
('dq26', '你更相信：', 26, true, 'default', NOW(), NOW()),
('dq27', '在学习新事物时，你更喜欢：', 27, true, 'default', NOW(), NOW()),
('dq28', '你更关注：', 28, true, 'default', NOW(), NOW()),
('dq29', '你更倾向于：', 29, true, 'default', NOW(), NOW()),
('dq30', '你更喜欢：', 30, true, 'default', NOW(), NOW()),
('dq31', '当你读一本书时，你更在意：', 31, true, 'default', NOW(), NOW()),
('dq32', '你更容易记住：', 32, true, 'default', NOW(), NOW()),
('dq33', '你更看重：', 33, true, 'default', NOW(), NOW()),
('dq34', '你更喜欢：', 34, true, 'default', NOW(), NOW()),
('dq35', '当别人描述事情时，你更关注：', 35, true, 'default', NOW(), NOW()),
('dq36', '你更感兴趣的是：', 36, true, 'default', NOW(), NOW()),
('dq37', '你更相信：', 37, true, 'default', NOW(), NOW()),
('dq38', '在解决问题时，你更倾向于：', 38, true, 'default', NOW(), NOW()),
('dq39', '你更喜欢：', 39, true, 'default', NOW(), NOW()),
('dq40', '你更容易：', 40, true, 'default', NOW(), NOW()),
('dq41', '你更享受：', 41, true, 'default', NOW(), NOW()),
('dq42', '当你要做决定时，你更依赖：', 42, true, 'default', NOW(), NOW()),
('dq43', '你更喜欢：', 43, true, 'default', NOW(), NOW()),
('dq44', '你认为自己更：', 44, true, 'default', NOW(), NOW()),
('dq45', '你更感兴趣的是：', 45, true, 'default', NOW(), NOW()),
('dq46', '当你解释事情时，你倾向于：', 46, true, 'default', NOW(), NOW());

INSERT IGNORE INTO question_option (id, label, dimension, weight, question_id) VALUES
('do24a', '实际情况和具体细节', 'S', 2, 'dq24'),
('do24b', '可能性和整体概念', 'N', 2, 'dq24'),
('do25a', '具体、实用的想法吸引', 'S', 1, 'dq25'),
('do25b', '创新、有想象力的想法吸引', 'N', 1, 'dq25'),
('do26a', '自己的经验和五官感受', 'S', 1, 'dq26'),
('do26b', '自己的直觉和第六感', 'N', 1, 'dq26'),
('do27a', '一步步具体的指导', 'S', 2, 'dq27'),
('do27b', '了解整体框架后自己探索', 'N', 2, 'dq27'),
('do28a', '现实存在的问题', 'S', 1, 'dq28'),
('do28b', '未来可能的发展', 'N', 1, 'dq28'),
('do29a', '实事求是', 'S', 1, 'dq29'),
('do29b', '富有想象力', 'N', 1, 'dq29'),
('do30a', '有明确说明的说明书', 'S', 1, 'dq30'),
('do30b', '自由发挥的开放式任务', 'N', 1, 'dq30'),
('do31a', '情节发展和具体细节', 'S', 2, 'dq31'),
('do31b', '主题和深层含义', 'N', 2, 'dq31'),
('do32a', '具体的事实和数字', 'S', 1, 'dq32'),
('do32b', '概念和想法', 'N', 1, 'dq32'),
('do33a', '方法和过程', 'S', 1, 'dq33'),
('do33b', '结果和目标', 'N', 1, 'dq33'),
('do34a', '按计划行事', 'S', 1, 'dq34'),
('do34b', '随情况变化调整', 'N', 1, 'dq34'),
('do35a', '实际发生的事', 'S', 1, 'dq35'),
('do35b', '背后的意义', 'N', 1, 'dq35'),
('do36a', '此时此刻', 'S', 1, 'dq36'),
('do36b', '未来可能发生的事', 'N', 1, 'dq36'),
('do37a', '亲眼所见', 'S', 1, 'dq37'),
('do37b', '所想的可能性', 'N', 1, 'dq37'),
('do38a', '使用 proven 方法', 'S', 2, 'dq38'),
('do38b', '尝试新方法', 'N', 2, 'dq38'),
('do39a', '具体的信息和数据', 'S', 1, 'dq39'),
('do39b', '抽象的概念和理论', 'N', 1, 'dq39'),
('do40a', '注意到细节', 'S', 1, 'dq40'),
('do40b', '看到大局', 'N', 1, 'dq40'),
('do41a', '一步一步完成任务的成就感', 'S', 1, 'dq41'),
('do41b', '灵感迸发时的兴奋感', 'N', 1, 'dq41'),
('do42a', '事实和数据', 'S', 2, 'dq42'),
('do42b', '直觉和感觉', 'N', 2, 'dq42'),
('do43a', '实际可行的方案', 'S', 1, 'dq43'),
('do43b', '创新突破的方案', 'N', 1, 'dq43'),
('do44a', '脚踏实地', 'S', 1, 'dq44'),
('do44b', '天马行空', 'N', 1, 'dq44'),
('do45a', '已知的事实', 'S', 1, 'dq45'),
('do45b', '新的可能性', 'N', 1, 'dq45'),
('do46a', '使用具体的例子', 'S', 1, 'dq46'),
('do46b', '使用抽象的概念', 'N', 1, 'dq46');

-- TF 题目 (47-70, 108-114)
INSERT IGNORE INTO question (id, title, sort_order, is_active, exam_type_id, created_at, updated_at) VALUES
('dq47', '在做决定时，你更看重：', 47, true, 'default', NOW(), NOW()),
('dq48', '你认为更重要的是：', 48, true, 'default', NOW(), NOW()),
('dq49', '当别人不同意你的观点时，你：', 49, true, 'default', NOW(), NOW()),
('dq50', '你更倾向于：', 50, true, 'default', NOW(), NOW()),
('dq51', '你认为成功的关键是：', 51, true, 'default', NOW(), NOW()),
('dq52', '当朋友向你倾诉烦恼时，你：', 52, true, 'default', NOW(), NOW()),
('dq53', '你更容易：', 53, true, 'default', NOW(), NOW()),
('dq54', '你认为什么更重要：', 54, true, 'default', NOW(), NOW()),
('dq55', '你更倾向于：', 55, true, 'default', NOW(), NOW()),
('dq56', '在争论中，你更关注：', 56, true, 'default', NOW(), NOW()),
('dq57', '你做决定时：', 57, true, 'default', NOW(), NOW()),
('dq58', '你认为自己更：', 58, true, 'default', NOW(), NOW()),
('dq59', '你认为怜悯心是：', 59, true, 'default', NOW(), NOW()),
('dq60', '你更喜欢：', 60, true, 'default', NOW(), NOW()),
('dq61', '你更容易被：', 61, true, 'default', NOW(), NOW()),
('dq62', '你认为规则是为了：', 62, true, 'default', NOW(), NOW()),
('dq63', '当你看到有人受苦时，你：', 63, true, 'default', NOW(), NOW()),
('dq64', '你更看重：', 64, true, 'default', NOW(), NOW()),
('dq65', '你更愿意被描述为：', 65, true, 'default', NOW(), NOW()),
('dq66', '你认为决策时应该：', 66, true, 'default', NOW(), NOW()),
('dq67', '你更倾向于：', 67, true, 'default', NOW(), NOW()),
('dq68', '你更容易：', 68, true, 'default', NOW(), NOW()),
('dq69', '你认为生活中最重要的是：', 69, true, 'default', NOW(), NOW()),
('dq70', '你更喜欢：', 70, true, 'default', NOW(), NOW());

INSERT IGNORE INTO question_option (id, label, dimension, weight, question_id) VALUES
('do47a', '逻辑和客观分析', 'T', 2, 'dq47'),
('do47b', '个人价值观和情感因素', 'F', 2, 'dq47'),
('do48a', '公正公平', 'T', 1, 'dq48'),
('do48b', '和谐仁慈', 'F', 1, 'dq48'),
('do49a', '用逻辑和证据说服他们', 'T', 1, 'dq49'),
('do49b', '考虑他们的感受，尝试理解', 'F', 1, 'dq49'),
('do50a', '公正客观', 'T', 1, 'dq50'),
('do50b', '体贴周到', 'F', 1, 'dq50'),
('do51a', '能力和效率', 'T', 1, 'dq51'),
('do51b', '人际关系和合作', 'F', 1, 'dq51'),
('do52a', '提供逻辑分析和解决方案', 'T', 2, 'dq52'),
('do52b', '先给予情感上的支持和安慰', 'F', 2, 'dq52'),
('do53a', '批评不公正的行为', 'T', 1, 'dq53'),
('do53b', '顾及每个人的感受', 'F', 1, 'dq53'),
('do54a', '做事正确', 'T', 1, 'dq54'),
('do54b', '做得仁慈', 'F', 1, 'dq54'),
('do55a', '讲真话，即使会伤害人', 'T', 1, 'dq55'),
('do55b', '委婉表达，避免伤害', 'F', 1, 'dq55'),
('do56a', '谁说得有道理', 'T', 1, 'dq56'),
('do56b', '如何维护关系', 'F', 1, 'dq56'),
('do57a', '主要基于逻辑思考', 'T', 2, 'dq57'),
('do57b', '主要基于个人价值观', 'F', 2, 'dq57'),
('do58a', '理性', 'T', 1, 'dq58'),
('do58b', '感性', 'F', 1, 'dq58'),
('do59a', '重要的品质', 'F', 1, 'dq59'),
('do59b', '有时候会让人做出错误的决定', 'T', 1, 'dq59'),
('do60a', '诚实的反馈', 'T', 1, 'dq60'),
('do60b', '友善的鼓励', 'F', 1, 'dq60'),
('do61a', '有逻辑有原则的人吸引', 'T', 1, 'dq61'),
('do61b', '善良有爱心的人吸引', 'F', 1, 'dq61'),
('do62a', '确保公平和效率', 'T', 1, 'dq62'),
('do62b', '保护和支持人们', 'F', 1, 'dq62'),
('do63a', '想办法解决问题', 'T', 2, 'dq63'),
('do63b', '给予同情和安慰', 'F', 2, 'dq63'),
('do64a', '专业能力', 'T', 1, 'dq64'),
('do64b', '人际技巧', 'F', 1, 'dq64'),
('do65a', '有逻辑的', 'T', 1, 'dq65'),
('do65b', '有同情心的', 'F', 1, 'dq65'),
('do66a', '优先考虑客观因素', 'T', 1, 'dq66'),
('do66b', '优先考虑人的因素', 'F', 1, 'dq66'),
('do67a', '就事论事', 'T', 1, 'dq67'),
('do67b', '给人留面子', 'F', 1, 'dq67'),
('do68a', '坚持自己的立场', 'T', 1, 'dq68'),
('do68b', '理解他人的立场', 'F', 1, 'dq68'),
('do69a', '成就和成功', 'T', 1, 'dq69'),
('do69b', '爱和归属感', 'F', 1, 'dq69'),
('do70a', '原则明确', 'T', 1, 'dq70'),
('do70b', '灵活变通', 'F', 1, 'dq70');

-- JP 题目 (71-93, 115-121)
INSERT IGNORE INTO question (id, title, sort_order, is_active, exam_type_id, created_at, updated_at) VALUES
('dq71', '你更喜欢：', 71, true, 'default', NOW(), NOW()),
('dq72', '你认为Deadline是：', 72, true, 'default', NOW(), NOW()),
('dq73', '你更倾向于：', 73, true, 'default', NOW(), NOW()),
('dq74', '你更喜欢的工作方式是：', 74, true, 'default', NOW(), NOW()),
('dq75', '你更注重：', 75, true, 'default', NOW(), NOW()),
('dq76', '当计划被打乱时，你：', 76, true, 'default', NOW(), NOW()),
('dq77', '你更喜欢：', 77, true, 'default', NOW(), NOW()),
('dq78', '你更倾向于：', 78, true, 'default', NOW(), NOW()),
('dq79', '你认为规则是：', 79, true, 'default', NOW(), NOW()),
('dq80', '你更享受：', 80, true, 'default', NOW(), NOW()),
('dq81', '你更喜欢：', 81, true, 'default', NOW(), NOW()),
('dq82', '当做项目时，你倾向于：', 82, true, 'default', NOW(), NOW()),
('dq83', '你更看重：', 83, true, 'default', NOW(), NOW()),
('dq84', '你更容易：', 84, true, 'default', NOW(), NOW()),
('dq85', '你更喜欢的生活是：', 85, true, 'default', NOW(), NOW()),
('dq86', '你更倾向于：', 86, true, 'default', NOW(), NOW()),
('dq87', '你认为自己更：', 87, true, 'default', NOW(), NOW()),
('dq88', '当面对多个任务时，你：', 88, true, 'default', NOW(), NOW()),
('dq89', '你更喜欢：', 89, true, 'default', NOW(), NOW()),
('dq90', '你认为自己是：', 90, true, 'default', NOW(), NOW()),
('dq91', '你更享受：', 91, true, 'default', NOW(), NOW()),
('dq92', '你更倾向于：', 92, true, 'default', NOW(), NOW()),
('dq93', '你更喜欢的工作环境：', 93, true, 'default', NOW(), NOW());

INSERT IGNORE INTO question_option (id, label, dimension, weight, question_id) VALUES
('do71a', '有计划的生活', 'J', 2, 'dq71'),
('do71b', '随性的生活', 'P', 2, 'dq71'),
('do72a', '必须遵守的', 'J', 1, 'dq72'),
('do72b', '可以灵活调整的', 'P', 1, 'dq72'),
('do73a', '按日程安排生活', 'J', 1, 'dq73'),
('do73b', '保持弹性，随遇而安', 'P', 1, 'dq73'),
('do74a', '有组织有计划', 'J', 1, 'dq74'),
('do74b', '灵活应变', 'P', 1, 'dq74'),
('do75a', '按时完成任务', 'J', 1, 'dq75'),
('do75b', '追求完美', 'P', 1, 'dq75'),
('do76a', '感到不安，尽快调整', 'J', 2, 'dq76'),
('do76b', '无所谓，灵活适应', 'P', 2, 'dq76'),
('do77a', '确定的事情', 'J', 1, 'dq77'),
('do77b', '有选择的空间', 'P', 1, 'dq77'),
('do78a', '做事有决断', 'J', 1, 'dq78'),
('do78b', '保持开放选择', 'P', 1, 'dq78'),
('do79a', '必须遵守的', 'J', 1, 'dq79'),
('do79b', '可以根据情况调整的', 'P', 1, 'dq79'),
('do80a', '完成任务后的满足感', 'J', 1, 'dq80'),
('do80b', '探索新可能的乐趣', 'P', 1, 'dq80'),
('do81a', '事先安排好的约会', 'J', 1, 'dq81'),
('do81b', '临时起意的活动', 'P', 1, 'dq81'),
('do82a', '尽早开始，有条不紊', 'J', 2, 'dq82'),
('do82b', '最后一刻灵感迸发', 'P', 2, 'dq82'),
('do83a', '秩序和结构', 'J', 1, 'dq83'),
('do83b', '自由和灵活', 'P', 1, 'dq83'),
('do84a', '做决定并坚持下去', 'J', 1, 'dq84'),
('do84b', '保持开放态度', 'P', 1, 'dq84'),
('do85a', '井然有序', 'J', 1, 'dq85'),
('do85b', '充满变化', 'P', 1, 'dq85'),
('do86a', '遵守规则和计划', 'J', 1, 'dq86'),
('do86b', '随机应变', 'P', 1, 'dq86'),
('do87a', '有条理', 'J', 1, 'dq87'),
('do87b', '随性', 'P', 1, 'dq87'),
('do88a', '制定计划逐一完成', 'J', 2, 'dq88'),
('do88b', '先做紧急的', 'P', 2, 'dq88'),
('do89a', '明确的目标', 'J', 1, 'dq89'),
('do89b', '开放性的探索', 'P', 1, 'dq89'),
('do90a', '果断的', 'J', 1, 'dq90'),
('do90b', '谨慎的', 'P', 1, 'dq90'),
('do91a', '完成计划的成就感', 'J', 1, 'dq91'),
('do91b', '发现新可能的惊喜感', 'P', 1, 'dq91'),
('do92a', '说到做到', 'J', 1, 'dq92'),
('do92b', '视情况而定', 'P', 1, 'dq92'),
('do93a', '有序、高效、有明确流程', 'J', 1, 'dq93'),
('do93b', '自由、开放、充满可能性', 'P', 1, 'dq93');

-- 新增 EI 题目 (94-100)
INSERT IGNORE INTO question (id, title, sort_order, is_active, exam_type_id, created_at, updated_at) VALUES
('dq94', '你更喜欢通过什么方式与朋友联系：', 94, true, 'default', NOW(), NOW()),
('dq95', '如果必须独自度过一整天，你更可能：', 95, true, 'default', NOW(), NOW()),
('dq96', '在会议或课堂上，你倾向于：', 96, true, 'default', NOW(), NOW()),
('dq97', '你更喜欢的工作方式是：', 97, true, 'default', NOW(), NOW()),
('dq98', '当你认识新朋友时，你通常：', 98, true, 'default', NOW(), NOW()),
('dq99', '你更享受的周末社交是：', 99, true, 'default', NOW(), NOW()),
('dq100', '做重要决定前，你更倾向于：', 100, true, 'default', NOW(), NOW());

INSERT IGNORE INTO question_option (id, label, dimension, weight, question_id) VALUES
('do94a', '打电话或语音聊天', 'E', 2, 'dq94'),
('do94b', '发文字消息或邮件', 'I', 2, 'dq94'),
('do95a', '感到有些无聊和孤独', 'E', 1, 'dq95'),
('do95b', '享受难得的独处时光', 'I', 1, 'dq95'),
('do96a', '主动举手发言或提问', 'E', 1, 'dq96'),
('do96b', '安静听讲，会后再思考', 'I', 1, 'dq96'),
('do97a', '在开放的团队空间协作', 'E', 2, 'dq97'),
('do97b', '在独立安静的办公室专注', 'I', 2, 'dq97'),
('do98a', '很快就能聊得很深入', 'E', 1, 'dq98'),
('do98b', '需要多次见面才能熟悉', 'I', 1, 'dq98'),
('do99a', '参加大型聚会或活动', 'E', 1, 'dq99'),
('do99b', '和一两个好友深度交流', 'I', 1, 'dq99'),
('do100a', '和很多人讨论收集意见', 'E', 1, 'dq100'),
('do100b', '独自思考理清思路', 'I', 1, 'dq100');

-- 新增 SN 题目 (101-107)
INSERT IGNORE INTO question (id, title, sort_order, is_active, exam_type_id, created_at, updated_at) VALUES
('dq101', '你更喜欢的对话内容是：', 101, true, 'default', NOW(), NOW()),
('dq102', '你更信任的描述方式是：', 102, true, 'default', NOW(), NOW()),
('dq103', '你更感兴趣的话题是：', 103, true, 'default', NOW(), NOW()),
('dq104', '你更倾向于注意：', 104, true, 'default', NOW(), NOW()),
('dq105', '你做菜时更倾向于：', 105, true, 'default', NOW(), NOW()),
('dq106', '你更喜欢的旅行方式是：', 106, true, 'default', NOW(), NOW()),
('dq107', '你描述一件事物时更倾向于：', 107, true, 'default', NOW(), NOW());

INSERT IGNORE INTO question_option (id, label, dimension, weight, question_id) VALUES
('do101a', '具体真实的经历和故事', 'S', 2, 'dq101'),
('do101b', '关于可能性和未来的探讨', 'N', 2, 'dq101'),
('do102a', '具体的数据和事实', 'S', 1, 'dq102'),
('do102b', '生动的比喻和类比', 'N', 1, 'dq102'),
('do103a', '当下正在发生的事情', 'S', 1, 'dq103'),
('do103b', '未来可能的趋势和变化', 'N', 1, 'dq103'),
('do104a', '环境中的具体细节和变化', 'S', 1, 'dq104'),
('do104b', '整体氛围和深层含义', 'N', 1, 'dq104'),
('do105a', '严格按照菜谱步骤操作', 'S', 2, 'dq105'),
('do105b', '凭感觉和经验自由发挥', 'N', 2, 'dq105'),
('do106a', '提前规划好行程和景点', 'S', 1, 'dq106'),
('do106b', '随性探索，走到哪算哪', 'N', 1, 'dq106'),
('do107a', '客观准确地描述事实', 'S', 1, 'dq107'),
('do107b', '用联想和比喻来表达感受', 'N', 1, 'dq107');

-- 新增 TF 题目 (108-114)
INSERT IGNORE INTO question (id, title, sort_order, is_active, exam_type_id, created_at, updated_at) VALUES
('dq108', '做决策时，你更看重：', 108, true, 'default', NOW(), NOW()),
('dq109', '你更倾向于欣赏：', 109, true, 'default', NOW(), NOW()),
('dq110', '当朋友做了错误的决定，你更可能：', 110, true, 'default', NOW(), NOW()),
('dq111', '你更看重的领导品质是：', 111, true, 'default', NOW(), NOW()),
('dq112', '传达坏消息时，你更倾向于：', 112, true, 'default', NOW(), NOW()),
('dq113', '你更喜欢的电影类型是：', 113, true, 'default', NOW(), NOW()),
('dq114', '在团队合作中，你更看重：', 114, true, 'default', NOW(), NOW());

INSERT IGNORE INTO question_option (id, label, dimension, weight, question_id) VALUES
('do108a', '逻辑分析和效率', 'T', 2, 'dq108'),
('do108b', '对他人的影响和感受', 'F', 2, 'dq108'),
('do109a', '技艺精湛但冷冰冰的作品', 'T', 1, 'dq109'),
('do109b', '虽有瑕疵但打动人心的作品', 'F', 1, 'dq109'),
('do110a', '直接指出问题所在', 'T', 1, 'dq110'),
('do110b', '先理解他的想法再温和建议', 'F', 1, 'dq110'),
('do111a', '决策果断、目标明确', 'T', 1, 'dq111'),
('do111b', '善于倾听、关心团队成员', 'F', 1, 'dq111'),
('do112a', '直接说明事实和后果', 'T', 2, 'dq112'),
('do112b', '考虑对方感受，委婉表达', 'F', 2, 'dq112'),
('do113a', '逻辑严密的悬疑推理片', 'T', 1, 'dq113'),
('do113b', '情感丰富的剧情片', 'F', 1, 'dq113'),
('do114a', '任务完成的质量和效率', 'T', 1, 'dq114'),
('do114b', '团队成员之间的和谐关系', 'F', 1, 'dq114');

-- 新增 JP 题目 (115-121)
INSERT IGNORE INTO question (id, title, sort_order, is_active, exam_type_id, created_at, updated_at) VALUES
('dq115', '出去旅行时，你更喜欢：', 115, true, 'default', NOW(), NOW()),
('dq116', '你的书桌或衣柜通常是：', 116, true, 'default', NOW(), NOW()),
('dq117', '当朋友临时约你出去，你更倾向于：', 117, true, 'default', NOW(), NOW()),
('dq118', '你更喜欢的生活节奏是：', 118, true, 'default', NOW(), NOW()),
('dq119', '你的电子邮箱通常是：', 119, true, 'default', NOW(), NOW()),
('dq120', '去超市购物时，你更倾向于：', 120, true, 'default', NOW(), NOW()),
('dq121', '开始一个新项目时，你更倾向于：', 121, true, 'default', NOW(), NOW());

INSERT IGNORE INTO question_option (id, label, dimension, weight, question_id) VALUES
('do115a', '制定详细的日程安排', 'J', 2, 'dq115'),
('do115b', '只定大方向，其余随机应变', 'P', 2, 'dq115'),
('do116a', '整洁有序，物品各归其位', 'J', 1, 'dq116'),
('do116b', '比较随意，但自己能找到东西', 'P', 1, 'dq116'),
('do117a', '觉得打乱了计划，有些不适应', 'J', 1, 'dq117'),
('do117b', '欣然接受，觉得有惊喜感', 'P', 1, 'dq117'),
('do118a', '有规律的日常作息', 'J', 2, 'dq118'),
('do118b', '每天都不一样的新鲜体验', 'P', 2, 'dq118'),
('do119a', '及时清理，保持收件箱整洁', 'J', 1, 'dq119'),
('do119b', '积累很多未读，有空再处理', 'P', 1, 'dq119'),
('do120a', '提前列好购物清单，按计划购买', 'J', 1, 'dq120'),
('do120b', '到了之后看心情挑选', 'P', 1, 'dq120'),
('do121a', '先制定完整计划再动手', 'J', 2, 'dq121'),
('do121b', '边做边调整方向', 'P', 2, 'dq121');

-- ============================================
-- 职场版题库 - 36 道题目
-- ============================================

INSERT IGNORE INTO question (id, title, sort_order, is_active, exam_type_id, created_at, updated_at) VALUES
('wq1', '面对压力时，你更倾向于：', 1, true, 'workplace', NOW(), NOW()),
('wq2', '你更喜欢的假期方式是：', 2, true, 'workplace', NOW(), NOW()),
('wq3', '在工作中遇到难题，你更倾向于：', 3, true, 'workplace', NOW(), NOW()),
('wq4', '你更享受的休闲活动是：', 4, true, 'workplace', NOW(), NOW()),
('wq5', '你更容易感到疲惫的场景是：', 5, true, 'workplace', NOW(), NOW()),
('wq6', '在新环境中，你通常：', 6, true, 'workplace', NOW(), NOW()),
('wq7', '你更喜欢的学习方式是：', 7, true, 'workplace', NOW(), NOW()),
('wq8', '你更倾向于通过什么方式解决问题：', 8, true, 'workplace', NOW(), NOW()),
('wq9', '你理想的周末是：', 9, true, 'workplace', NOW(), NOW()),
('wq10', '你更关注的信息是：', 10, true, 'workplace', NOW(), NOW()),
('wq11', '你更喜欢的阅读内容是：', 11, true, 'workplace', NOW(), NOW()),
('wq12', '描述一幅画时，你更倾向于：', 12, true, 'workplace', NOW(), NOW()),
('wq13', '你更信任的决策依据是：', 13, true, 'workplace', NOW(), NOW()),
('wq14', '你更喜欢的工作内容是：', 14, true, 'workplace', NOW(), NOW()),
('wq15', '你更容易被什么吸引：', 15, true, 'workplace', NOW(), NOW()),
('wq16', '你更倾向于关注：', 16, true, 'workplace', NOW(), NOW()),
('wq17', '你更喜欢的老师授课方式是：', 17, true, 'workplace', NOW(), NOW()),
('wq18', '你做决策时更看重：', 18, true, 'workplace', NOW(), NOW()),
('wq19', '当团队成员犯错时，你更倾向于：', 19, true, 'workplace', NOW(), NOW()),
('wq20', '你更看重的品质是：', 20, true, 'workplace', NOW(), NOW()),
('wq21', '面对两难选择时，你更倾向于：', 21, true, 'workplace', NOW(), NOW()),
('wq22', '你更欣赏的领导风格是：', 22, true, 'workplace', NOW(), NOW()),
('wq23', '评价一个方案时，你更看重：', 23, true, 'workplace', NOW(), NOW()),
('wq24', '你更倾向于如何给反馈：', 24, true, 'workplace', NOW(), NOW()),
('wq25', '你认为更重要的是：', 25, true, 'workplace', NOW(), NOW()),
('wq26', '面对冲突时，你更倾向于：', 26, true, 'workplace', NOW(), NOW()),
('wq27', '你更倾向于如何做决定：', 27, true, 'workplace', NOW(), NOW()),
('wq28', '你更喜欢的时间安排是：', 28, true, 'workplace', NOW(), NOW()),
('wq29', '你更倾向于如何管理任务：', 29, true, 'workplace', NOW(), NOW()),
('wq30', '你的桌面通常是：', 30, true, 'workplace', NOW(), NOW()),
('wq31', '你更倾向于如何做旅行计划：', 31, true, 'workplace', NOW(), NOW()),
('wq32', '你更喜欢的工作节奏是：', 32, true, 'workplace', NOW(), NOW()),
('wq33', '你更倾向于如何对待约定：', 33, true, 'workplace', NOW(), NOW()),
('wq34', '面对突发变化时，你通常：', 34, true, 'workplace', NOW(), NOW()),
('wq35', '你更倾向于如何开始新项目：', 35, true, 'workplace', NOW(), NOW()),
('wq36', '你更喜欢的生活状态是：', 36, true, 'workplace', NOW(), NOW());

INSERT IGNORE INTO question_option (id, label, dimension, weight, question_id) VALUES
('wo1a', '找朋友倾诉，寻求外部支持', 'E', 2, 'wq1'),
('wo1b', '独自消化，安静思考对策', 'I', 2, 'wq1'),
('wo2a', '和一群人一起旅行探险', 'E', 1, 'wq2'),
('wo2b', '独自或和伴侣安静度假', 'I', 1, 'wq2'),
('wo3a', '立即和同事讨论寻找方案', 'E', 2, 'wq3'),
('wo3b', '先自己研究清楚再沟通', 'I', 2, 'wq3'),
('wo4a', '参加派对或社交聚会', 'E', 1, 'wq4'),
('wo4b', '在家看电影或阅读', 'I', 1, 'wq4'),
('wo5a', '长时间独处没有社交', 'E', 2, 'wq5'),
('wo5b', '连续参加多场社交活动', 'I', 2, 'wq5'),
('wo6a', '主动打招呼认识新朋友', 'E', 1, 'wq6'),
('wo6b', '等待别人先来搭话', 'I', 1, 'wq6'),
('wo7a', '小组讨论和互动课堂', 'E', 1, 'wq7'),
('wo7b', '独自安静地阅读和思考', 'I', 1, 'wq7'),
('wo8a', '与他人交流碰撞想法', 'E', 2, 'wq8'),
('wo8b', '独立思考理清逻辑', 'I', 2, 'wq8'),
('wo9a', '参加各种活动和聚会', 'E', 1, 'wq9'),
('wo9b', '在家享受安静的个人时光', 'I', 1, 'wq9'),
('wo10a', '当前实际发生的事情', 'S', 2, 'wq10'),
('wo10b', '未来可能的发展趋势', 'N', 2, 'wq10'),
('wo11a', '纪实报道和实用指南', 'S', 1, 'wq11'),
('wo11b', '科幻小说和哲学思考', 'N', 1, 'wq11'),
('wo12a', '描述画面中的具体元素', 'S', 1, 'wq12'),
('wo12b', '表达画面带给你的感受和联想', 'N', 1, 'wq12'),
('wo13a', '历史数据和过往经验', 'S', 2, 'wq13'),
('wo13b', '直觉判断和未来预判', 'N', 2, 'wq13'),
('wo14a', '处理具体明确的任务', 'S', 1, 'wq14'),
('wo14b', '探索创新性的解决方案', 'N', 1, 'wq14'),
('wo15a', '实用性强的产品设计', 'S', 1, 'wq15'),
('wo15b', '富有创意的概念设计', 'N', 1, 'wq15'),
('wo16a', '事物的当前状态', 'S', 2, 'wq16'),
('wo16b', '事物的潜在可能性', 'N', 2, 'wq16'),
('wo17a', '举例说明，循序渐进', 'S', 1, 'wq17'),
('wo17b', '启发思考，引导探索', 'N', 1, 'wq17'),
('wo18a', '眼前的实际利益', 'S', 1, 'wq18'),
('wo18b', '长远的发展前景', 'N', 1, 'wq18'),
('wo19a', '直接指出错误帮助改正', 'T', 2, 'wq19'),
('wo19b', '私下沟通维护对方感受', 'F', 2, 'wq19'),
('wo20a', '诚实坦率', 'T', 1, 'wq20'),
('wo20b', '善解人意', 'F', 1, 'wq20'),
('wo21a', '选择更高效合理的方案', 'T', 2, 'wq21'),
('wo21b', '选择对大家伤害最小的方案', 'F', 2, 'wq21'),
('wo22a', '果断决策，注重结果', 'T', 1, 'wq22'),
('wo22b', '关怀下属，注重团队', 'F', 1, 'wq22'),
('wo23a', '逻辑是否严密可行', 'T', 1, 'wq23'),
('wo23b', '是否照顾到各方感受', 'F', 1, 'wq23'),
('wo24a', '直接点出问题所在', 'T', 1, 'wq24'),
('wo24b', '先肯定再委婉提出建议', 'F', 1, 'wq24'),
('wo25a', '做事公平一视同仁', 'T', 2, 'wq25'),
('wo25b', '根据不同人灵活对待', 'F', 2, 'wq25'),
('wo26a', '据理力争分清对错', 'T', 1, 'wq26'),
('wo26b', '寻求妥协维护关系', 'F', 1, 'wq26'),
('wo27a', '列出利弊理性分析', 'T', 1, 'wq27'),
('wo27b', '跟随内心的感受', 'F', 1, 'wq27'),
('wo28a', '每天有明确的计划表', 'J', 2, 'wq28'),
('wo28b', '随心情安排当天的活动', 'P', 2, 'wq28'),
('wo29a', '提前规划分步执行', 'J', 1, 'wq29'),
('wo29b', '临近 deadline 集中冲刺', 'P', 1, 'wq29'),
('wo30a', '整洁有序，物品定位明确', 'J', 1, 'wq30'),
('wo30b', '随意摆放但自己能找到', 'P', 1, 'wq30'),
('wo31a', '提前订好酒店和行程', 'J', 2, 'wq31'),
('wo31b', '到了目的地再随机应变', 'P', 2, 'wq31'),
('wo32a', '稳定的日常流程', 'J', 1, 'wq32'),
('wo32b', '不断变化的新挑战', 'P', 1, 'wq32'),
('wo33a', '严格遵守时间承诺', 'J', 1, 'wq33'),
('wo33b', '可以根据情况灵活调整', 'P', 1, 'wq33'),
('wo34a', '感到不适并尽快恢复秩序', 'J', 2, 'wq34'),
('wo34b', '很快接受并适应新情况', 'P', 2, 'wq34'),
('wo35a', '先制定完整计划再行动', 'J', 1, 'wq35'),
('wo35b', '先动手边做边调整方向', 'P', 1, 'wq35'),
('wo36a', '一切井然有序按部就班', 'J', 1, 'wq36'),
('wo36b', '充满惊喜和未知的探索', 'P', 1, 'wq36');
